# seed=314159, warmups=1, repetitions=5, clock=steady_clock, includes Run copy
distribution,size,algorithm,median_ms,ratio_to_std
permutation,100000,FastSort,1.733833,1.187184
permutation,100000,StdSort,1.460458,1.000000
permutation,100000,StdStableSort,3.123375,2.138627
random,100000,FastSort,1.840083,1.242006
random,100000,StdSort,1.481541,1.000000
random,100000,StdStableSort,3.209709,2.166467
sorted,100000,FastSort,0.058416,0.687247
sorted,100000,StdSort,0.085000,1.000000
sorted,100000,StdStableSort,0.628458,7.393624
reversed,100000,FastSort,0.068583,0.497429
reversed,100000,StdSort,0.137875,1.000000
reversed,100000,StdStableSort,2.443334,17.721371
nearly_sorted,100000,FastSort,0.318375,1.147297
nearly_sorted,100000,StdSort,0.277500,1.000000
nearly_sorted,100000,StdStableSort,1.290833,4.651650
duplicates,100000,FastSort,0.452000,1.129413
duplicates,100000,StdSort,0.400208,1.000000
duplicates,100000,StdStableSort,2.729666,6.820618
equal,100000,FastSort,0.060625,0.516872
equal,100000,StdSort,0.117292,1.000000
equal,100000,StdStableSort,0.302708,2.580807
periodic,100000,FastSort,0.477916,1.203061
periodic,100000,StdSort,0.397250,1.000000
periodic,100000,StdStableSort,2.488167,6.263479
organ_pipe,100000,FastSort,1.493083,0.443463
organ_pipe,100000,StdSort,3.366875,1.000000
organ_pipe,100000,StdStableSort,2.064916,0.613303
permutation,1000000,FastSort,21.849375,1.088394
permutation,1000000,StdSort,20.074875,1.000000
permutation,1000000,StdStableSort,42.999458,2.141954
random,1000000,FastSort,21.227791,1.231903
random,1000000,StdSort,17.231709,1.000000
random,1000000,StdStableSort,38.631875,2.241906
sorted,1000000,FastSort,0.604209,0.696896
sorted,1000000,StdSort,0.867000,1.000000
sorted,1000000,StdStableSort,7.902375,9.114619
reversed,1000000,FastSort,0.771667,0.546281
reversed,1000000,StdSort,1.412583,1.000000
reversed,1000000,StdStableSort,19.064417,13.496139
nearly_sorted,1000000,FastSort,4.559250,1.237050
nearly_sorted,1000000,StdSort,3.685584,1.000000
nearly_sorted,1000000,StdStableSort,16.320792,4.428278
duplicates,1000000,FastSort,5.708500,1.358385
duplicates,1000000,StdSort,4.202417,1.000000
duplicates,1000000,StdStableSort,29.516791,7.023765
equal,1000000,FastSort,0.658667,0.533550
equal,1000000,StdSort,1.234500,1.000000
equal,1000000,StdStableSort,4.295167,3.479277
periodic,1000000,FastSort,4.769916,1.087532
periodic,1000000,StdSort,4.386000,1.000000
periodic,1000000,StdStableSort,25.501958,5.814400
organ_pipe,1000000,FastSort,14.665083,0.404499
organ_pipe,1000000,StdSort,36.254959,1.000000
organ_pipe,1000000,StdStableSort,15.317625,0.422497
