block_size,merge_items,distribution,size,algorithm,median_ms,ratio_to_std
128,4,permutation,100000,FastSort,1.805500,1.218114
128,4,permutation,100000,FastSort2,1.411750,0.952464
128,4,permutation,100000,FastSort3,1.365416,0.921203
128,4,permutation,100000,FastSort4,0.735250,0.496050
128,4,permutation,100000,StdSort,1.482209,1.000000
128,4,permutation,100000,StdStableSort,3.218667,2.171534
128,4,random,100000,FastSort,1.783875,1.192962
128,4,random,100000,FastSort2,1.414833,0.946166
128,4,random,100000,FastSort3,1.367584,0.914568
128,4,random,100000,FastSort4,0.953667,0.637762
128,4,random,100000,StdSort,1.495333,1.000000
128,4,random,100000,StdStableSort,3.198667,2.139100
128,4,sorted,100000,FastSort,0.055875,0.688040
128,4,sorted,100000,FastSort2,0.055833,0.687522
128,4,sorted,100000,FastSort3,0.055875,0.688040
128,4,sorted,100000,FastSort4,0.930792,11.461685
128,4,sorted,100000,StdSort,0.081209,1.000000
128,4,sorted,100000,StdStableSort,0.674208,8.302134
128,4,reversed,100000,FastSort,0.070333,0.528490
128,4,reversed,100000,FastSort2,0.070250,0.527866
128,4,reversed,100000,FastSort3,0.070208,0.527550
128,4,reversed,100000,FastSort4,0.663167,4.983108
128,4,reversed,100000,StdSort,0.133083,1.000000
128,4,reversed,100000,StdStableSort,2.377834,17.867301
128,4,nearly_sorted,100000,FastSort,0.347125,1.294035
128,4,nearly_sorted,100000,FastSort2,0.334667,1.247594
128,4,nearly_sorted,100000,FastSort3,0.277750,1.035415
128,4,nearly_sorted,100000,FastSort4,0.950041,3.541625
128,4,nearly_sorted,100000,StdSort,0.268250,1.000000
128,4,nearly_sorted,100000,StdStableSort,1.319417,4.918610
128,4,duplicates,100000,FastSort,0.480584,1.219110
128,4,duplicates,100000,FastSort2,0.356334,0.903922
128,4,duplicates,100000,FastSort3,0.332333,0.843038
128,4,duplicates,100000,FastSort4,0.943958,2.394562
128,4,duplicates,100000,StdSort,0.394209,1.000000
128,4,duplicates,100000,StdStableSort,2.825084,7.166462
128,4,equal,100000,FastSort,0.057792,0.515425
128,4,equal,100000,FastSort2,0.057792,0.515425
128,4,equal,100000,FastSort3,0.057875,0.516165
128,4,equal,100000,FastSort4,0.647083,5.771086
128,4,equal,100000,StdSort,0.112125,1.000000
128,4,equal,100000,StdStableSort,0.288542,2.573396
128,4,periodic,100000,FastSort,0.494458,1.188838
128,4,periodic,100000,FastSort2,0.403000,0.968943
128,4,periodic,100000,FastSort3,0.374750,0.901021
128,4,periodic,100000,FastSort4,0.993458,2.388597
128,4,periodic,100000,StdSort,0.415917,1.000000
128,4,periodic,100000,StdStableSort,2.501125,6.013520
128,4,organ_pipe,100000,FastSort,1.323084,0.493688
128,4,organ_pipe,100000,FastSort2,1.496125,0.558256
128,4,organ_pipe,100000,FastSort3,1.431459,0.534126
128,4,organ_pipe,100000,FastSort4,0.952417,0.355379
128,4,organ_pipe,100000,StdSort,2.680000,1.000000
128,4,organ_pipe,100000,StdStableSort,1.669708,0.623025
128,4,permutation,1000000,FastSort,20.205583,1.202505
128,4,permutation,1000000,FastSort2,15.742042,0.936864
128,4,permutation,1000000,FastSort3,15.098083,0.898539
128,4,permutation,1000000,FastSort4,5.554166,0.330548
128,4,permutation,1000000,StdSort,16.802916,1.000000
128,4,permutation,1000000,StdStableSort,37.182166,2.212840
128,4,random,1000000,FastSort,19.682500,1.185190
128,4,random,1000000,FastSort2,15.784667,0.950480
128,4,random,1000000,FastSort3,15.115833,0.910206
128,4,random,1000000,FastSort4,3.911792,0.235550
128,4,random,1000000,StdSort,16.607042,1.000000
128,4,random,1000000,StdStableSort,36.793958,2.215564
128,4,sorted,1000000,FastSort,0.577375,0.700202
128,4,sorted,1000000,FastSort2,0.570333,0.691662
128,4,sorted,1000000,FastSort3,0.567084,0.687722
128,4,sorted,1000000,FastSort4,2.443917,2.963822
128,4,sorted,1000000,StdSort,0.824583,1.000000
128,4,sorted,1000000,StdStableSort,8.199500,9.943814
128,4,reversed,1000000,FastSort,0.745791,0.561837
128,4,reversed,1000000,FastSort2,0.755792,0.569371
128,4,reversed,1000000,FastSort3,0.773833,0.582962
128,4,reversed,1000000,FastSort4,4.856792,3.658832
128,4,reversed,1000000,StdSort,1.327416,1.000000
128,4,reversed,1000000,StdStableSort,17.689916,13.326580
128,4,nearly_sorted,1000000,FastSort,4.294667,1.245854
128,4,nearly_sorted,1000000,FastSort2,7.221792,2.094993
128,4,nearly_sorted,1000000,FastSort3,6.439875,1.868164
128,4,nearly_sorted,1000000,FastSort4,3.604042,1.045508
128,4,nearly_sorted,1000000,StdSort,3.447167,1.000000
128,4,nearly_sorted,1000000,StdStableSort,15.807791,4.585734
128,4,duplicates,1000000,FastSort,4.869791,0.945751
128,4,duplicates,1000000,FastSort2,3.344375,0.649504
128,4,duplicates,1000000,FastSort3,3.081666,0.598483
128,4,duplicates,1000000,FastSort4,3.349292,0.650458
128,4,duplicates,1000000,StdSort,5.149125,1.000000
128,4,duplicates,1000000,StdStableSort,28.146583,5.466285
128,4,equal,1000000,FastSort,0.598125,0.526094
128,4,equal,1000000,FastSort2,0.587792,0.517005
128,4,equal,1000000,FastSort3,0.593292,0.521843
128,4,equal,1000000,FastSort4,4.796000,4.218426
128,4,equal,1000000,StdSort,1.136917,1.000000
128,4,equal,1000000,StdStableSort,3.959375,3.482554
128,4,periodic,1000000,FastSort,4.662583,1.124880
128,4,periodic,1000000,FastSort2,3.379625,0.815358
128,4,periodic,1000000,FastSort3,3.128000,0.754652
128,4,periodic,1000000,FastSort4,4.080709,0.984499
128,4,periodic,1000000,StdSort,4.144959,1.000000
128,4,periodic,1000000,StdStableSort,24.186667,5.835201
128,4,organ_pipe,1000000,FastSort,14.154291,0.412412
128,4,organ_pipe,1000000,FastSort2,15.673000,0.456662
128,4,organ_pipe,1000000,FastSort3,15.096416,0.439862
128,4,organ_pipe,1000000,FastSort4,4.855583,0.141476
128,4,organ_pipe,1000000,StdSort,34.320791,1.000000
128,4,organ_pipe,1000000,StdStableSort,14.301083,0.416689
128,8,permutation,100000,FastSort,1.761125,1.154426
128,8,permutation,100000,FastSort2,1.375875,0.901893
128,8,permutation,100000,FastSort3,1.345084,0.881709
128,8,permutation,100000,FastSort4,0.816958,0.535520
128,8,permutation,100000,StdSort,1.525542,1.000000
128,8,permutation,100000,StdStableSort,3.139459,2.057930
128,8,random,100000,FastSort,1.731916,1.185906
128,8,random,100000,FastSort2,1.379917,0.944879
128,8,random,100000,FastSort3,1.344542,0.920657
128,8,random,100000,FastSort4,0.850875,0.582625
128,8,random,100000,StdSort,1.460416,1.000000
128,8,random,100000,StdStableSort,3.116000,2.133639
128,8,sorted,100000,FastSort,0.054625,0.688189
128,8,sorted,100000,FastSort2,0.054625,0.688189
128,8,sorted,100000,FastSort3,0.054541,0.687131
128,8,sorted,100000,FastSort4,0.994958,12.534904
128,8,sorted,100000,StdSort,0.079375,1.000000
128,8,sorted,100000,StdStableSort,0.679042,8.554860
128,8,reversed,100000,FastSort,0.068625,0.526706
128,8,reversed,100000,FastSort2,0.068458,0.525424
128,8,reversed,100000,FastSort3,0.068583,0.526383
128,8,reversed,100000,FastSort4,0.982916,7.544005
128,8,reversed,100000,StdSort,0.130291,1.000000
128,8,reversed,100000,StdStableSort,2.305959,17.698529
128,8,nearly_sorted,100000,FastSort,0.325667,1.239262
128,8,nearly_sorted,100000,FastSort2,0.326709,1.243228
128,8,nearly_sorted,100000,FastSort3,0.264000,1.004601
128,8,nearly_sorted,100000,FastSort4,1.003250,3.817673
128,8,nearly_sorted,100000,StdSort,0.262791,1.000000
128,8,nearly_sorted,100000,StdStableSort,1.321875,5.030138
128,8,duplicates,100000,FastSort,0.462959,1.208114
128,8,duplicates,100000,FastSort2,0.349458,0.911928
128,8,duplicates,100000,FastSort3,0.326125,0.851039
128,8,duplicates,100000,FastSort4,1.008333,2.631294
128,8,duplicates,100000,StdSort,0.383208,1.000000
128,8,duplicates,100000,StdStableSort,2.780708,7.256393
128,8,equal,100000,FastSort,0.056583,0.516348
128,8,equal,100000,FastSort2,0.056500,0.515591
128,8,equal,100000,FastSort3,0.056542,0.515974
128,8,equal,100000,FastSort4,0.809541,7.387469
128,8,equal,100000,StdSort,0.109583,1.000000
128,8,equal,100000,StdStableSort,0.280958,2.563883
128,8,periodic,100000,FastSort,0.477958,1.041491
128,8,periodic,100000,FastSort2,0.394584,0.859816
128,8,periodic,100000,FastSort3,0.367000,0.799709
128,8,periodic,100000,FastSort4,1.016708,2.215451
128,8,periodic,100000,StdSort,0.458917,1.000000
128,8,periodic,100000,StdStableSort,2.460209,5.360902
128,8,organ_pipe,100000,FastSort,1.229542,0.469657
128,8,organ_pipe,100000,FastSort2,1.455250,0.555872
128,8,organ_pipe,100000,FastSort3,1.416916,0.541229
128,8,organ_pipe,100000,FastSort4,1.009084,0.385447
128,8,organ_pipe,100000,StdSort,2.617958,1.000000
128,8,organ_pipe,100000,StdStableSort,1.631166,0.623068
128,8,permutation,1000000,FastSort,20.128750,1.241079
128,8,permutation,1000000,FastSort2,15.709875,0.968624
128,8,permutation,1000000,FastSort3,15.096000,0.930775
128,8,permutation,1000000,FastSort4,4.696875,0.289595
128,8,permutation,1000000,StdSort,16.218750,1.000000
128,8,permutation,1000000,StdStableSort,35.790667,2.206746
128,8,random,1000000,FastSort,19.169625,1.193502
128,8,random,1000000,FastSort2,15.121834,0.941486
128,8,random,1000000,FastSort3,14.404167,0.896804
128,8,random,1000000,FastSort4,4.280708,0.266517
128,8,random,1000000,StdSort,16.061667,1.000000
128,8,random,1000000,StdStableSort,35.638208,2.218836
128,8,sorted,1000000,FastSort,0.559792,0.696548
128,8,sorted,1000000,FastSort2,0.552750,0.687786
128,8,sorted,1000000,FastSort3,0.549084,0.683224
128,8,sorted,1000000,FastSort4,2.691333,3.348820
128,8,sorted,1000000,StdSort,0.803666,1.000000
128,8,sorted,1000000,StdStableSort,7.754667,9.649117
128,8,reversed,1000000,FastSort,0.751792,0.581133
128,8,reversed,1000000,FastSort2,0.716583,0.553916
128,8,reversed,1000000,FastSort3,0.744458,0.575463
128,8,reversed,1000000,FastSort4,2.838084,2.193829
128,8,reversed,1000000,StdSort,1.293667,1.000000
128,8,reversed,1000000,StdStableSort,16.995250,13.137268
128,8,nearly_sorted,1000000,FastSort,4.158750,1.234249
128,8,nearly_sorted,1000000,FastSort2,7.098208,2.106632
128,8,nearly_sorted,1000000,FastSort3,6.321833,1.876217
128,8,nearly_sorted,1000000,FastSort4,2.838792,0.842507
128,8,nearly_sorted,1000000,StdSort,3.369458,1.000000
128,8,nearly_sorted,1000000,StdStableSort,15.201208,4.511470
128,8,duplicates,1000000,FastSort,4.910333,0.987539
128,8,duplicates,1000000,FastSort2,3.227958,0.649189
128,8,duplicates,1000000,FastSort3,3.002541,0.603855
128,8,duplicates,1000000,FastSort4,4.584250,0.921959
128,8,duplicates,1000000,StdSort,4.972291,1.000000
128,8,duplicates,1000000,StdStableSort,27.196709,5.469654
128,8,equal,1000000,FastSort,0.612041,0.547769
128,8,equal,1000000,FastSort2,0.609917,0.545868
128,8,equal,1000000,FastSort3,0.589750,0.527819
128,8,equal,1000000,FastSort4,2.909292,2.603780
128,8,equal,1000000,StdSort,1.117334,1.000000
128,8,equal,1000000,StdStableSort,3.979000,3.561155
128,8,periodic,1000000,FastSort,4.511334,1.118224
128,8,periodic,1000000,FastSort2,3.293709,0.816411
128,8,periodic,1000000,FastSort3,3.007791,0.745541
128,8,periodic,1000000,FastSort4,2.893667,0.717253
128,8,periodic,1000000,StdSort,4.034375,1.000000
128,8,periodic,1000000,StdStableSort,23.523167,5.830684
128,8,organ_pipe,1000000,FastSort,14.516916,0.417133
128,8,organ_pipe,1000000,FastSort2,15.884167,0.456420
128,8,organ_pipe,1000000,FastSort3,15.076125,0.433202
128,8,organ_pipe,1000000,FastSort4,4.250292,0.122129
128,8,organ_pipe,1000000,StdSort,34.801625,1.000000
128,8,organ_pipe,1000000,StdStableSort,14.430375,0.414647
128,16,permutation,100000,FastSort,1.792584,1.204896
128,16,permutation,100000,FastSort2,1.433500,0.963536
128,16,permutation,100000,FastSort3,1.387250,0.932448
128,16,permutation,100000,FastSort4,0.836666,0.562370
128,16,permutation,100000,StdSort,1.487750,1.000000
128,16,permutation,100000,StdStableSort,3.220125,2.164426
128,16,random,100000,FastSort,1.742916,1.195654
128,16,random,100000,FastSort2,1.461166,1.002372
128,16,random,100000,FastSort3,1.433083,0.983106
128,16,random,100000,FastSort4,0.839709,0.576047
128,16,random,100000,StdSort,1.457709,1.000000
128,16,random,100000,StdStableSort,3.132208,2.148720
128,16,sorted,100000,FastSort,0.054500,0.657617
128,16,sorted,100000,FastSort2,0.054500,0.657617
128,16,sorted,100000,FastSort3,0.054542,0.658124
128,16,sorted,100000,FastSort4,0.617667,7.452995
128,16,sorted,100000,StdSort,0.082875,1.000000
128,16,sorted,100000,StdStableSort,0.662750,7.996983
128,16,reversed,100000,FastSort,0.068709,0.527011
128,16,reversed,100000,FastSort2,0.068625,0.526366
128,16,reversed,100000,FastSort3,0.068583,0.526044
128,16,reversed,100000,FastSort4,0.834208,6.398527
128,16,reversed,100000,StdSort,0.130375,1.000000
128,16,reversed,100000,StdStableSort,2.308875,17.709492
128,16,nearly_sorted,100000,FastSort,0.324250,1.235040
128,16,nearly_sorted,100000,FastSort2,0.322667,1.229011
128,16,nearly_sorted,100000,FastSort3,0.268042,1.020949
128,16,nearly_sorted,100000,FastSort4,0.852708,3.247892
128,16,nearly_sorted,100000,StdSort,0.262542,1.000000
128,16,nearly_sorted,100000,StdStableSort,1.294084,4.929055
128,16,duplicates,100000,FastSort,0.469375,1.126724
128,16,duplicates,100000,FastSort2,0.349584,0.839168
128,16,duplicates,100000,FastSort3,0.329792,0.791658
128,16,duplicates,100000,FastSort4,0.944042,2.266150
128,16,duplicates,100000,StdSort,0.416584,1.000000
128,16,duplicates,100000,StdStableSort,2.771791,6.653618
128,16,equal,100000,FastSort,0.058000,0.516897
128,16,equal,100000,FastSort2,0.057875,0.515783
128,16,equal,100000,FastSort3,0.057750,0.514669
128,16,equal,100000,FastSort4,0.926458,8.256613
128,16,equal,100000,StdSort,0.112208,1.000000
128,16,equal,100000,StdStableSort,0.303042,2.700717
128,16,periodic,100000,FastSort,0.482791,1.067826
128,16,periodic,100000,FastSort2,0.395125,0.873929
128,16,periodic,100000,FastSort3,0.368084,0.814120
128,16,periodic,100000,FastSort4,0.957667,2.118147
128,16,periodic,100000,StdSort,0.452125,1.000000
128,16,periodic,100000,StdStableSort,2.508791,5.548888
128,16,organ_pipe,100000,FastSort,1.294250,0.490347
128,16,organ_pipe,100000,FastSort2,1.469000,0.556554
128,16,organ_pipe,100000,FastSort3,1.420167,0.538053
128,16,organ_pipe,100000,FastSort4,1.007583,0.381739
128,16,organ_pipe,100000,StdSort,2.639458,1.000000
128,16,organ_pipe,100000,StdStableSort,1.630291,0.617661
128,16,permutation,1000000,FastSort,19.871209,1.225027
128,16,permutation,1000000,FastSort2,15.493500,0.955148
128,16,permutation,1000000,FastSort3,14.770459,0.910574
128,16,permutation,1000000,FastSort4,5.079041,0.313114
128,16,permutation,1000000,StdSort,16.221042,1.000000
128,16,permutation,1000000,StdStableSort,36.038667,2.221723
128,16,random,1000000,FastSort,19.434416,1.176937
128,16,random,1000000,FastSort2,15.248334,0.923430
128,16,random,1000000,FastSort3,14.629750,0.885969
128,16,random,1000000,FastSort4,4.724625,0.286121
128,16,random,1000000,StdSort,16.512708,1.000000
128,16,random,1000000,StdStableSort,36.016625,2.181146
128,16,sorted,1000000,FastSort,0.610417,0.738036
128,16,sorted,1000000,FastSort2,0.592792,0.716726
128,16,sorted,1000000,FastSort3,0.592459,0.716324
128,16,sorted,1000000,FastSort4,3.333250,4.030128
128,16,sorted,1000000,StdSort,0.827083,1.000000
128,16,sorted,1000000,StdStableSort,7.969709,9.635924
128,16,reversed,1000000,FastSort,0.753917,0.560568
128,16,reversed,1000000,FastSort2,0.744917,0.553876
128,16,reversed,1000000,FastSort3,0.756958,0.562829
128,16,reversed,1000000,FastSort4,4.939416,3.672655
128,16,reversed,1000000,StdSort,1.344917,1.000000
128,16,reversed,1000000,StdStableSort,17.169125,12.765936
128,16,nearly_sorted,1000000,FastSort,4.461958,1.300894
128,16,nearly_sorted,1000000,FastSort2,7.509625,2.189449
128,16,nearly_sorted,1000000,FastSort3,6.725458,1.960823
128,16,nearly_sorted,1000000,FastSort4,7.028708,2.049236
128,16,nearly_sorted,1000000,StdSort,3.429916,1.000000
128,16,nearly_sorted,1000000,StdStableSort,15.598541,4.547791
128,16,duplicates,1000000,FastSort,5.017000,0.990328
128,16,duplicates,1000000,FastSort2,3.437667,0.678576
128,16,duplicates,1000000,FastSort3,3.153875,0.622557
128,16,duplicates,1000000,FastSort4,6.381542,1.259681
128,16,duplicates,1000000,StdSort,5.066000,1.000000
128,16,duplicates,1000000,StdStableSort,27.830333,5.493552
128,16,equal,1000000,FastSort,0.619917,0.559134
128,16,equal,1000000,FastSort2,0.607708,0.548122
128,16,equal,1000000,FastSort3,0.607583,0.548009
128,16,equal,1000000,FastSort4,3.136291,2.828777
128,16,equal,1000000,StdSort,1.108709,1.000000
128,16,equal,1000000,StdStableSort,4.060958,3.662781
128,16,periodic,1000000,FastSort,4.843292,1.170360
128,16,periodic,1000000,FastSort2,3.551500,0.858205
128,16,periodic,1000000,FastSort3,3.246167,0.784422
128,16,periodic,1000000,FastSort4,3.792917,0.916542
128,16,periodic,1000000,StdSort,4.138291,1.000000
128,16,periodic,1000000,StdStableSort,24.388458,5.893365
128,16,organ_pipe,1000000,FastSort,13.896834,0.412809
128,16,organ_pipe,1000000,FastSort2,15.536959,0.461530
128,16,organ_pipe,1000000,FastSort3,14.700375,0.436679
128,16,organ_pipe,1000000,FastSort4,6.323125,0.187830
128,16,organ_pipe,1000000,StdSort,33.664042,1.000000
128,16,organ_pipe,1000000,StdStableSort,14.056375,0.417549
256,4,permutation,100000,FastSort,1.803917,1.218554
256,4,permutation,100000,FastSort2,1.426375,0.963523
256,4,permutation,100000,FastSort3,1.329042,0.897774
256,4,permutation,100000,FastSort4,1.073709,0.725295
256,4,permutation,100000,StdSort,1.480375,1.000000
256,4,permutation,100000,StdStableSort,3.172000,2.142700
256,4,random,100000,FastSort,1.729709,1.170700
256,4,random,100000,FastSort2,1.393250,0.942978
256,4,random,100000,FastSort3,1.348791,0.912887
256,4,random,100000,FastSort4,0.998500,0.675804
256,4,random,100000,StdSort,1.477500,1.000000
256,4,random,100000,StdStableSort,3.129375,2.118020
256,4,sorted,100000,FastSort,0.054500,0.685897
256,4,sorted,100000,FastSort2,0.054500,0.685897
256,4,sorted,100000,FastSort3,0.054542,0.686426
256,4,sorted,100000,FastSort4,0.715166,9.000554
256,4,sorted,100000,StdSort,0.079458,1.000000
256,4,sorted,100000,StdStableSort,0.722625,9.094427
256,4,reversed,100000,FastSort,0.068667,0.534374
256,4,reversed,100000,FastSort2,0.068708,0.534693
256,4,reversed,100000,FastSort3,0.068625,0.534047
256,4,reversed,100000,FastSort4,0.945791,7.360241
256,4,reversed,100000,StdSort,0.128500,1.000000
256,4,reversed,100000,StdStableSort,2.375166,18.483782
256,4,nearly_sorted,100000,FastSort,0.328709,1.251629
256,4,nearly_sorted,100000,FastSort2,0.326458,1.243058
256,4,nearly_sorted,100000,FastSort3,0.267167,1.017295
256,4,nearly_sorted,100000,FastSort4,1.037958,3.952244
256,4,nearly_sorted,100000,StdSort,0.262625,1.000000
256,4,nearly_sorted,100000,StdStableSort,1.278625,4.868634
256,4,duplicates,100000,FastSort,0.494709,1.160267
256,4,duplicates,100000,FastSort2,0.352500,0.826737
256,4,duplicates,100000,FastSort3,0.325625,0.763706
256,4,duplicates,100000,FastSort4,1.056167,2.477085
256,4,duplicates,100000,StdSort,0.426375,1.000000
256,4,duplicates,100000,StdStableSort,2.769250,6.494870
256,4,equal,100000,FastSort,0.056583,0.514779
256,4,equal,100000,FastSort2,0.056583,0.514779
256,4,equal,100000,FastSort3,0.056459,0.513651
256,4,equal,100000,FastSort4,0.763125,6.942739
256,4,equal,100000,StdSort,0.109917,1.000000
256,4,equal,100000,StdStableSort,0.280375,2.550788
256,4,periodic,100000,FastSort,0.475542,1.076900
256,4,periodic,100000,FastSort2,0.390875,0.885166
256,4,periodic,100000,FastSort3,0.366625,0.830250
256,4,periodic,100000,FastSort4,1.073417,2.430833
256,4,periodic,100000,StdSort,0.441584,1.000000
256,4,periodic,100000,StdStableSort,2.465625,5.583592
256,4,organ_pipe,100000,FastSort,1.229875,0.469687
256,4,organ_pipe,100000,FastSort2,1.481250,0.565686
256,4,organ_pipe,100000,FastSort3,1.394833,0.532684
256,4,organ_pipe,100000,FastSort4,0.941291,0.359477
256,4,organ_pipe,100000,StdSort,2.618500,1.000000
256,4,organ_pipe,100000,StdStableSort,1.630041,0.622509
256,4,permutation,1000000,FastSort,19.970292,1.167341
256,4,permutation,1000000,FastSort2,15.496250,0.905816
256,4,permutation,1000000,FastSort3,15.409250,0.900731
256,4,permutation,1000000,FastSort4,5.786625,0.338251
256,4,permutation,1000000,StdSort,17.107500,1.000000
256,4,permutation,1000000,StdStableSort,36.785916,2.150280
256,4,random,1000000,FastSort,19.495417,1.204980
256,4,random,1000000,FastSort2,15.305792,0.946026
256,4,random,1000000,FastSort3,14.938083,0.923298
256,4,random,1000000,FastSort4,5.539500,0.342387
256,4,random,1000000,StdSort,16.179042,1.000000
256,4,random,1000000,StdStableSort,35.895583,2.218647
256,4,sorted,1000000,FastSort,0.599542,0.717692
256,4,sorted,1000000,FastSort2,0.588167,0.704075
256,4,sorted,1000000,FastSort3,0.587750,0.703576
256,4,sorted,1000000,FastSort4,5.102167,6.107637
256,4,sorted,1000000,StdSort,0.835375,1.000000
256,4,sorted,1000000,StdStableSort,8.137917,9.741633
256,4,reversed,1000000,FastSort,0.760459,0.572815
256,4,reversed,1000000,FastSort2,0.754250,0.568138
256,4,reversed,1000000,FastSort3,0.749625,0.564654
256,4,reversed,1000000,FastSort4,3.360542,2.531323
256,4,reversed,1000000,StdSort,1.327583,1.000000
256,4,reversed,1000000,StdStableSort,17.281250,13.017077
256,4,nearly_sorted,1000000,FastSort,4.362916,1.276500
256,4,nearly_sorted,1000000,FastSort2,7.220542,2.112582
256,4,nearly_sorted,1000000,FastSort3,6.734916,1.970498
256,4,nearly_sorted,1000000,FastSort4,3.724250,1.089639
256,4,nearly_sorted,1000000,StdSort,3.417875,1.000000
256,4,nearly_sorted,1000000,StdStableSort,15.284083,4.471809
256,4,duplicates,1000000,FastSort,4.967125,0.973580
256,4,duplicates,1000000,FastSort2,3.427667,0.671839
256,4,duplicates,1000000,FastSort3,3.187125,0.624692
256,4,duplicates,1000000,FastSort4,3.990042,0.782067
256,4,duplicates,1000000,StdSort,5.101917,1.000000
256,4,duplicates,1000000,StdStableSort,27.510333,5.392156
256,4,equal,1000000,FastSort,0.623917,0.555272
256,4,equal,1000000,FastSort2,0.618500,0.550451
256,4,equal,1000000,FastSort3,0.614167,0.546594
256,4,equal,1000000,FastSort4,4.953917,4.408870
256,4,equal,1000000,StdSort,1.123625,1.000000
256,4,equal,1000000,StdStableSort,4.082750,3.633552
256,4,periodic,1000000,FastSort,4.822250,1.151846
256,4,periodic,1000000,FastSort2,3.542209,0.846094
256,4,periodic,1000000,FastSort3,3.238209,0.773481
256,4,periodic,1000000,FastSort4,3.520042,0.840799
256,4,periodic,1000000,StdSort,4.186542,1.000000
256,4,periodic,1000000,StdStableSort,24.932709,5.955442
256,4,organ_pipe,1000000,FastSort,14.087000,0.413470
256,4,organ_pipe,1000000,FastSort2,15.574458,0.457129
256,4,organ_pipe,1000000,FastSort3,14.991583,0.440021
256,4,organ_pipe,1000000,FastSort4,5.316250,0.156038
256,4,organ_pipe,1000000,StdSort,34.070167,1.000000
256,4,organ_pipe,1000000,StdStableSort,14.113500,0.414248
256,8,permutation,100000,FastSort,1.790334,1.197681
256,8,permutation,100000,FastSort2,1.452750,0.971847
256,8,permutation,100000,FastSort3,1.400292,0.936754
256,8,permutation,100000,FastSort4,1.024875,0.685611
256,8,permutation,100000,StdSort,1.494834,1.000000
256,8,permutation,100000,StdStableSort,3.215667,2.151187
256,8,random,100000,FastSort,1.740541,1.193071
256,8,random,100000,FastSort2,1.397166,0.957701
256,8,random,100000,FastSort3,1.333875,0.914318
256,8,random,100000,FastSort4,1.022875,0.701140
256,8,random,100000,StdSort,1.458875,1.000000
256,8,random,100000,StdStableSort,3.128875,2.144718
256,8,sorted,100000,FastSort,0.054625,0.688189
256,8,sorted,100000,FastSort2,0.054500,0.686614
256,8,sorted,100000,FastSort3,0.054542,0.687143
256,8,sorted,100000,FastSort4,0.979125,12.335433
256,8,sorted,100000,StdSort,0.079375,1.000000
256,8,sorted,100000,StdStableSort,0.671875,8.464567
256,8,reversed,100000,FastSort,0.068750,0.510204
256,8,reversed,100000,FastSort2,0.069209,0.513610
256,8,reversed,100000,FastSort3,0.068583,0.508965
256,8,reversed,100000,FastSort4,0.898791,6.670063
256,8,reversed,100000,StdSort,0.134750,1.000000
256,8,reversed,100000,StdStableSort,2.325375,17.256957
256,8,nearly_sorted,100000,FastSort,0.327959,1.242071
256,8,nearly_sorted,100000,FastSort2,0.322417,1.221082
256,8,nearly_sorted,100000,FastSort3,0.262791,0.995262
256,8,nearly_sorted,100000,FastSort4,1.017083,3.851974
256,8,nearly_sorted,100000,StdSort,0.264042,1.000000
256,8,nearly_sorted,100000,StdStableSort,1.294792,4.903735
256,8,duplicates,100000,FastSort,0.465500,1.138490
256,8,duplicates,100000,FastSort2,0.350125,0.856313
256,8,duplicates,100000,FastSort3,0.324625,0.793947
256,8,duplicates,100000,FastSort4,1.021375,2.498013
256,8,duplicates,100000,StdSort,0.408875,1.000000
256,8,duplicates,100000,StdStableSort,2.742333,6.707020
256,8,equal,100000,FastSort,0.056583,0.515370
256,8,equal,100000,FastSort2,0.056584,0.515379
256,8,equal,100000,FastSort3,0.056542,0.514997
256,8,equal,100000,FastSort4,0.785625,7.155641
256,8,equal,100000,StdSort,0.109791,1.000000
256,8,equal,100000,StdStableSort,0.281250,2.561685
256,8,periodic,100000,FastSort,0.479125,1.074572
256,8,periodic,100000,FastSort2,0.394792,0.885432
256,8,periodic,100000,FastSort3,0.367291,0.823753
256,8,periodic,100000,FastSort4,1.018292,2.283806
256,8,periodic,100000,StdSort,0.445875,1.000000
256,8,periodic,100000,StdStableSort,2.441458,5.475656
256,8,organ_pipe,100000,FastSort,1.262167,0.477973
256,8,organ_pipe,100000,FastSort2,1.464791,0.554705
256,8,organ_pipe,100000,FastSort3,1.406958,0.532804
256,8,organ_pipe,100000,FastSort4,1.002125,0.379497
256,8,organ_pipe,100000,StdSort,2.640666,1.000000
256,8,organ_pipe,100000,StdStableSort,1.684417,0.637876
256,8,permutation,1000000,FastSort,20.185000,1.211957
256,8,permutation,1000000,FastSort2,15.797667,0.948531
256,8,permutation,1000000,FastSort3,15.020958,0.901896
256,8,permutation,1000000,FastSort4,5.062167,0.303945
256,8,permutation,1000000,StdSort,16.654875,1.000000
256,8,permutation,1000000,StdStableSort,36.034000,2.163571
256,8,random,1000000,FastSort,20.594833,1.197609
256,8,random,1000000,FastSort2,16.204500,0.942307
256,8,random,1000000,FastSort3,15.495333,0.901068
256,8,random,1000000,FastSort4,3.361875,0.195496
256,8,random,1000000,StdSort,17.196625,1.000000
256,8,random,1000000,StdStableSort,37.509334,2.181203
256,8,sorted,1000000,FastSort,0.600000,0.729151
256,8,sorted,1000000,FastSort2,0.591000,0.718214
256,8,sorted,1000000,FastSort3,0.588583,0.715276
256,8,sorted,1000000,FastSort4,2.735125,3.323864
256,8,sorted,1000000,StdSort,0.822875,1.000000
256,8,sorted,1000000,StdStableSort,7.895875,9.595473
256,8,reversed,1000000,FastSort,0.770917,0.588898
256,8,reversed,1000000,FastSort2,0.753916,0.575911
256,8,reversed,1000000,FastSort3,0.763250,0.583041
256,8,reversed,1000000,FastSort4,5.153583,3.936786
256,8,reversed,1000000,StdSort,1.309084,1.000000
256,8,reversed,1000000,StdStableSort,17.438417,13.321083
256,8,nearly_sorted,1000000,FastSort,4.418250,1.294804
256,8,nearly_sorted,1000000,FastSort2,7.148250,2.094853
256,8,nearly_sorted,1000000,FastSort3,6.549500,1.919384
256,8,nearly_sorted,1000000,FastSort4,4.908458,1.438464
256,8,nearly_sorted,1000000,StdSort,3.412292,1.000000
256,8,nearly_sorted,1000000,StdStableSort,15.309083,4.486452
256,8,duplicates,1000000,FastSort,5.086833,0.988566
256,8,duplicates,1000000,FastSort2,3.447958,0.670070
256,8,duplicates,1000000,FastSort3,3.199458,0.621777
256,8,duplicates,1000000,FastSort4,4.818500,0.936419
256,8,duplicates,1000000,StdSort,5.145667,1.000000
256,8,duplicates,1000000,StdStableSort,27.734917,5.389956
256,8,equal,1000000,FastSort,0.616875,0.556119
256,8,equal,1000000,FastSort2,0.615917,0.555255
256,8,equal,1000000,FastSort3,0.610625,0.550485
256,8,equal,1000000,FastSort4,3.334833,3.006385
256,8,equal,1000000,StdSort,1.109250,1.000000
256,8,equal,1000000,StdStableSort,4.071209,3.670236
256,8,periodic,1000000,FastSort,4.718625,1.156951
256,8,periodic,1000000,FastSort2,3.446625,0.845072
256,8,periodic,1000000,FastSort3,3.145666,0.771280
256,8,periodic,1000000,FastSort4,2.798750,0.686220
256,8,periodic,1000000,StdSort,4.078500,1.000000
256,8,periodic,1000000,StdStableSort,23.783375,5.831402
256,8,organ_pipe,1000000,FastSort,14.793333,0.418545
256,8,organ_pipe,1000000,FastSort2,15.955166,0.451417
256,8,organ_pipe,1000000,FastSort3,15.314250,0.433283
256,8,organ_pipe,1000000,FastSort4,3.908375,0.110579
256,8,organ_pipe,1000000,StdSort,35.344666,1.000000
256,8,organ_pipe,1000000,StdStableSort,14.999166,0.424369
256,16,permutation,100000,FastSort,1.767125,1.191923
256,16,permutation,100000,FastSort2,1.399708,0.944101
256,16,permutation,100000,FastSort3,1.340459,0.904138
256,16,permutation,100000,FastSort4,0.853083,0.575403
256,16,permutation,100000,StdSort,1.482583,1.000000
256,16,permutation,100000,StdStableSort,3.277083,2.210388
256,16,random,100000,FastSort,1.759334,1.176681
256,16,random,100000,FastSort2,1.414125,0.945797
256,16,random,100000,FastSort3,1.422583,0.951454
256,16,random,100000,FastSort4,0.986208,0.659597
256,16,random,100000,StdSort,1.495167,1.000000
256,16,random,100000,StdStableSort,3.146750,2.104614
256,16,sorted,100000,FastSort,0.055916,0.698217
256,16,sorted,100000,FastSort2,0.055833,0.697180
256,16,sorted,100000,FastSort3,0.055792,0.696668
256,16,sorted,100000,FastSort4,1.067750,13.332875
256,16,sorted,100000,StdSort,0.080084,1.000000
256,16,sorted,100000,StdStableSort,0.624167,7.793904
256,16,reversed,100000,FastSort,0.072958,0.568505
256,16,reversed,100000,FastSort2,0.068708,0.535388
256,16,reversed,100000,FastSort3,0.069750,0.543508
256,16,reversed,100000,FastSort4,1.007625,7.851644
256,16,reversed,100000,StdSort,0.128333,1.000000
256,16,reversed,100000,StdStableSort,2.386833,18.598747
256,16,nearly_sorted,100000,FastSort,0.325542,1.253290
256,16,nearly_sorted,100000,FastSort2,0.323625,1.245910
256,16,nearly_sorted,100000,FastSort3,0.262125,1.009143
256,16,nearly_sorted,100000,FastSort4,1.027792,3.956851
256,16,nearly_sorted,100000,StdSort,0.259750,1.000000
256,16,nearly_sorted,100000,StdStableSort,1.288458,4.960377
256,16,duplicates,100000,FastSort,0.468625,1.115774
256,16,duplicates,100000,FastSort2,0.348042,0.828671
256,16,duplicates,100000,FastSort3,0.329542,0.784624
256,16,duplicates,100000,FastSort4,0.926292,2.205457
256,16,duplicates,100000,StdSort,0.420000,1.000000
256,16,duplicates,100000,StdStableSort,2.762375,6.577083
256,16,equal,100000,FastSort,0.056459,0.515998
256,16,equal,100000,FastSort2,0.056541,0.516748
256,16,equal,100000,FastSort3,0.056458,0.515989
256,16,equal,100000,FastSort4,0.752500,6.877359
256,16,equal,100000,StdSort,0.109417,1.000000
256,16,equal,100000,StdStableSort,0.280792,2.566256
256,16,periodic,100000,FastSort,0.483250,1.048171
256,16,periodic,100000,FastSort2,0.392375,0.851063
256,16,periodic,100000,FastSort3,0.368500,0.799278
256,16,periodic,100000,FastSort4,1.024375,2.221874
256,16,periodic,100000,StdSort,0.461041,1.000000
256,16,periodic,100000,StdStableSort,2.511208,5.446821
256,16,organ_pipe,100000,FastSort,1.288625,0.484021
256,16,organ_pipe,100000,FastSort2,1.460542,0.548595
256,16,organ_pipe,100000,FastSort3,1.439041,0.540519
256,16,organ_pipe,100000,FastSort4,1.067959,0.401136
256,16,organ_pipe,100000,StdSort,2.662334,1.000000
256,16,organ_pipe,100000,StdStableSort,1.678250,0.630368
256,16,permutation,1000000,FastSort,20.883583,1.285955
256,16,permutation,1000000,FastSort2,16.186625,0.996729
256,16,permutation,1000000,FastSort3,15.430000,0.950138
256,16,permutation,1000000,FastSort4,5.552917,0.341934
256,16,permutation,1000000,StdSort,16.239750,1.000000
256,16,permutation,1000000,StdStableSort,36.439500,2.243846
256,16,random,1000000,FastSort,20.252375,1.245505
256,16,random,1000000,FastSort2,16.108667,0.990670
256,16,random,1000000,FastSort3,15.380083,0.945863
256,16,random,1000000,FastSort4,4.522459,0.278128
256,16,random,1000000,StdSort,16.260375,1.000000
256,16,random,1000000,StdStableSort,36.138000,2.222458
256,16,sorted,1000000,FastSort,0.596417,0.739781
256,16,sorted,1000000,FastSort2,0.590917,0.732958
256,16,sorted,1000000,FastSort3,0.587709,0.728979
256,16,sorted,1000000,FastSort4,3.567583,4.425140
256,16,sorted,1000000,StdSort,0.806208,1.000000
256,16,sorted,1000000,StdStableSort,7.111500,8.820925
256,16,reversed,1000000,FastSort,0.757042,0.584288
256,16,reversed,1000000,FastSort2,0.746542,0.576184
256,16,reversed,1000000,FastSort3,0.747833,0.577180
256,16,reversed,1000000,FastSort4,5.097417,3.934206
256,16,reversed,1000000,StdSort,1.295666,1.000000
256,16,reversed,1000000,StdStableSort,17.928167,13.837028
256,16,nearly_sorted,1000000,FastSort,4.405250,1.299756
256,16,nearly_sorted,1000000,FastSort2,7.186834,2.120454
256,16,nearly_sorted,1000000,FastSort3,6.596375,1.946240
256,16,nearly_sorted,1000000,FastSort4,6.205208,1.830828
256,16,nearly_sorted,1000000,StdSort,3.389291,1.000000
256,16,nearly_sorted,1000000,StdStableSort,15.337416,4.525258
256,16,duplicates,1000000,FastSort,5.024917,0.998097
256,16,duplicates,1000000,FastSort2,3.375292,0.670432
256,16,duplicates,1000000,FastSort3,3.097667,0.615288
256,16,duplicates,1000000,FastSort4,4.311625,0.856416
256,16,duplicates,1000000,StdSort,5.034500,1.000000
256,16,duplicates,1000000,StdStableSort,27.747000,5.511372
256,16,equal,1000000,FastSort,0.614208,0.556432
256,16,equal,1000000,FastSort2,0.611292,0.553790
256,16,equal,1000000,FastSort3,0.609209,0.551903
256,16,equal,1000000,FastSort4,3.378834,3.061001
256,16,equal,1000000,StdSort,1.103833,1.000000
256,16,equal,1000000,StdStableSort,4.033334,3.653935
256,16,periodic,1000000,FastSort,4.694083,1.166075
256,16,periodic,1000000,FastSort2,3.474834,0.863197
256,16,periodic,1000000,FastSort3,3.144833,0.781220
256,16,periodic,1000000,FastSort4,6.376500,1.584010
256,16,periodic,1000000,StdSort,4.025542,1.000000
256,16,periodic,1000000,StdStableSort,24.023916,5.967871
256,16,organ_pipe,1000000,FastSort,14.573584,0.417299
256,16,organ_pipe,1000000,FastSort2,16.070917,0.460174
256,16,organ_pipe,1000000,FastSort3,15.601834,0.446742
256,16,organ_pipe,1000000,FastSort4,7.139417,0.204430
256,16,organ_pipe,1000000,StdSort,34.923584,1.000000
256,16,organ_pipe,1000000,StdStableSort,14.350000,0.410897
512,4,permutation,100000,FastSort,1.784875,1.192500
512,4,permutation,100000,FastSort2,1.480209,0.988949
512,4,permutation,100000,FastSort3,1.428875,0.954652
512,4,permutation,100000,FastSort4,1.097250,0.733088
512,4,permutation,100000,StdSort,1.496750,1.000000
512,4,permutation,100000,StdStableSort,3.219375,2.150910
512,4,random,100000,FastSort,1.740667,1.193396
512,4,random,100000,FastSort2,1.428042,0.979061
512,4,random,100000,FastSort3,1.392333,0.954579
512,4,random,100000,FastSort4,1.102208,0.755670
512,4,random,100000,StdSort,1.458583,1.000000
512,4,random,100000,StdStableSort,3.192750,2.188940
512,4,sorted,100000,FastSort,0.054625,0.686390
512,4,sorted,100000,FastSort2,0.054584,0.685875
512,4,sorted,100000,FastSort3,0.054583,0.685863
512,4,sorted,100000,FastSort4,1.066542,13.401631
512,4,sorted,100000,StdSort,0.079583,1.000000
512,4,sorted,100000,StdStableSort,0.618584,7.772816
512,4,reversed,100000,FastSort,0.068500,0.524904
512,4,reversed,100000,FastSort2,0.068500,0.524904
512,4,reversed,100000,FastSort3,0.068625,0.525862
512,4,reversed,100000,FastSort4,1.046875,8.022031
512,4,reversed,100000,StdSort,0.130500,1.000000
512,4,reversed,100000,StdStableSort,2.389291,18.308743
512,4,nearly_sorted,100000,FastSort,0.328250,1.257460
512,4,nearly_sorted,100000,FastSort2,0.322750,1.236391
512,4,nearly_sorted,100000,FastSort3,0.263000,1.007501
512,4,nearly_sorted,100000,FastSort4,1.060458,4.062404
512,4,nearly_sorted,100000,StdSort,0.261042,1.000000
512,4,nearly_sorted,100000,StdStableSort,1.333583,5.108691
512,4,duplicates,100000,FastSort,0.471250,1.158574
512,4,duplicates,100000,FastSort2,0.355167,0.873183
512,4,duplicates,100000,FastSort3,0.327250,0.804548
512,4,duplicates,100000,FastSort4,1.046291,2.572320
512,4,duplicates,100000,StdSort,0.406750,1.000000
512,4,duplicates,100000,StdStableSort,2.838292,6.977977
512,4,equal,100000,FastSort,0.056459,0.500745
512,4,equal,100000,FastSort2,0.056542,0.501481
512,4,equal,100000,FastSort3,0.056500,0.501109
512,4,equal,100000,FastSort4,1.067375,9.466741
512,4,equal,100000,StdSort,0.112750,1.000000
512,4,equal,100000,StdStableSort,0.281958,2.500736
512,4,periodic,100000,FastSort,0.485125,1.078554
512,4,periodic,100000,FastSort2,0.393000,0.873737
512,4,periodic,100000,FastSort3,0.367208,0.816395
512,4,periodic,100000,FastSort4,1.096625,2.438071
512,4,periodic,100000,StdSort,0.449792,1.000000
512,4,periodic,100000,StdStableSort,2.472833,5.497726
512,4,organ_pipe,100000,FastSort,1.318542,0.485696
512,4,organ_pipe,100000,FastSort2,1.554750,0.572705
512,4,organ_pipe,100000,FastSort3,1.489666,0.548730
512,4,organ_pipe,100000,FastSort4,1.059666,0.390336
512,4,organ_pipe,100000,StdSort,2.714750,1.000000
512,4,organ_pipe,100000,StdStableSort,1.719250,0.633300
512,4,permutation,1000000,FastSort,20.730458,1.245194
512,4,permutation,1000000,FastSort2,16.280459,0.977901
512,4,permutation,1000000,FastSort3,15.490250,0.930436
512,4,permutation,1000000,FastSort4,5.585459,0.335496
512,4,permutation,1000000,StdSort,16.648375,1.000000
512,4,permutation,1000000,StdStableSort,36.348500,2.183306
512,4,random,1000000,FastSort,20.517625,1.241142
512,4,random,1000000,FastSort2,16.330333,0.987846
512,4,random,1000000,FastSort3,15.420250,0.932794
512,4,random,1000000,FastSort4,4.895458,0.296134
512,4,random,1000000,StdSort,16.531250,1.000000
512,4,random,1000000,StdStableSort,36.369625,2.200053
512,4,sorted,1000000,FastSort,0.595500,0.738605
512,4,sorted,1000000,FastSort2,0.595166,0.738190
512,4,sorted,1000000,FastSort3,0.590333,0.732196
512,4,sorted,1000000,FastSort4,2.711833,3.363514
512,4,sorted,1000000,StdSort,0.806250,1.000000
512,4,sorted,1000000,StdStableSort,7.252000,8.994729
512,4,reversed,1000000,FastSort,0.761000,0.549905
512,4,reversed,1000000,FastSort2,0.750750,0.542498
512,4,reversed,1000000,FastSort3,0.749166,0.541354
512,4,reversed,1000000,FastSort4,3.574750,2.583145
512,4,reversed,1000000,StdSort,1.383875,1.000000
512,4,reversed,1000000,StdStableSort,18.826250,13.604010
512,4,nearly_sorted,1000000,FastSort,4.512125,1.273008
512,4,nearly_sorted,1000000,FastSort2,7.535167,2.125901
512,4,nearly_sorted,1000000,FastSort3,6.786208,1.914597
512,4,nearly_sorted,1000000,FastSort4,5.057458,1.426864
512,4,nearly_sorted,1000000,StdSort,3.544458,1.000000
512,4,nearly_sorted,1000000,StdStableSort,15.930208,4.494399
512,4,duplicates,1000000,FastSort,5.044459,0.976615
512,4,duplicates,1000000,FastSort2,3.435459,0.665110
512,4,duplicates,1000000,FastSort3,3.201708,0.619855
512,4,duplicates,1000000,FastSort4,3.420125,0.662141
512,4,duplicates,1000000,StdSort,5.165250,1.000000
512,4,duplicates,1000000,StdStableSort,28.241208,5.467539
512,4,equal,1000000,FastSort,0.627958,0.569297
512,4,equal,1000000,FastSort2,0.612334,0.555133
512,4,equal,1000000,FastSort3,0.615250,0.557776
512,4,equal,1000000,FastSort4,2.475625,2.244364
512,4,equal,1000000,StdSort,1.103041,1.000000
512,4,equal,1000000,StdStableSort,4.048833,3.670610
512,4,periodic,1000000,FastSort,4.804375,1.132451
512,4,periodic,1000000,FastSort2,3.541667,0.834815
512,4,periodic,1000000,FastSort3,3.256458,0.767588
512,4,periodic,1000000,FastSort4,5.484042,1.292657
512,4,periodic,1000000,StdSort,4.242458,1.000000
512,4,periodic,1000000,StdStableSort,25.688250,6.055039
512,4,organ_pipe,1000000,FastSort,14.679625,0.414492
512,4,organ_pipe,1000000,FastSort2,16.343792,0.461481
512,4,organ_pipe,1000000,FastSort3,15.533625,0.438605
512,4,organ_pipe,1000000,FastSort4,4.209292,0.118853
512,4,organ_pipe,1000000,StdSort,35.415958,1.000000
512,4,organ_pipe,1000000,StdStableSort,14.522875,0.410066
512,8,permutation,100000,FastSort,1.771792,1.172434
512,8,permutation,100000,FastSort2,1.449708,0.959304
512,8,permutation,100000,FastSort3,1.425875,0.943533
512,8,permutation,100000,FastSort4,1.135750,0.751551
512,8,permutation,100000,StdSort,1.511208,1.000000
512,8,permutation,100000,StdStableSort,3.210959,2.124763
512,8,random,100000,FastSort,1.749958,1.179548
512,8,random,100000,FastSort2,1.465583,0.987867
512,8,random,100000,FastSort3,1.422500,0.958827
512,8,random,100000,FastSort4,1.001250,0.674886
512,8,random,100000,StdSort,1.483584,1.000000
512,8,random,100000,StdStableSort,3.321292,2.238695
512,8,sorted,100000,FastSort,0.054542,0.687143
512,8,sorted,100000,FastSort2,0.054584,0.687672
512,8,sorted,100000,FastSort3,0.054500,0.686614
512,8,sorted,100000,FastSort4,1.028791,12.961146
512,8,sorted,100000,StdSort,0.079375,1.000000
512,8,sorted,100000,StdStableSort,0.629958,7.936479
512,8,reversed,100000,FastSort,0.073250,0.570594
512,8,reversed,100000,FastSort2,0.073583,0.573188
512,8,reversed,100000,FastSort3,0.073500,0.572541
512,8,reversed,100000,FastSort4,1.033541,8.050952
512,8,reversed,100000,StdSort,0.128375,1.000000
512,8,reversed,100000,StdStableSort,2.465708,19.207073
512,8,nearly_sorted,100000,FastSort,0.328666,1.252462
512,8,nearly_sorted,100000,FastSort2,0.337000,1.284220
512,8,nearly_sorted,100000,FastSort3,0.273000,1.040333
512,8,nearly_sorted,100000,FastSort4,1.060625,4.041770
512,8,nearly_sorted,100000,StdSort,0.262416,1.000000
512,8,nearly_sorted,100000,StdStableSort,1.293917,4.930785
512,8,duplicates,100000,FastSort,0.503500,1.137853
512,8,duplicates,100000,FastSort2,0.376333,0.850470
512,8,duplicates,100000,FastSort3,0.355834,0.804145
512,8,duplicates,100000,FastSort4,1.076375,2.432486
512,8,duplicates,100000,StdSort,0.442500,1.000000
512,8,duplicates,100000,StdStableSort,2.830042,6.395575
512,8,equal,100000,FastSort,0.056583,0.516348
512,8,equal,100000,FastSort2,0.056584,0.516357
512,8,equal,100000,FastSort3,0.056667,0.517115
512,8,equal,100000,FastSort4,0.799834,7.298888
512,8,equal,100000,StdSort,0.109583,1.000000
512,8,equal,100000,StdStableSort,0.278208,2.538788
512,8,periodic,100000,FastSort,0.504792,1.199743
512,8,periodic,100000,FastSort2,0.417584,0.992475
512,8,periodic,100000,FastSort3,0.392417,0.932661
512,8,periodic,100000,FastSort4,1.040416,2.472765
512,8,periodic,100000,StdSort,0.420750,1.000000
512,8,periodic,100000,StdStableSort,2.651208,6.301148
512,8,organ_pipe,100000,FastSort,1.359083,0.497438
512,8,organ_pipe,100000,FastSort2,1.565958,0.573156
512,8,organ_pipe,100000,FastSort3,1.510292,0.552782
512,8,organ_pipe,100000,FastSort4,1.055500,0.386324
512,8,organ_pipe,100000,StdSort,2.732166,1.000000
512,8,organ_pipe,100000,StdStableSort,1.738375,0.636263
512,8,permutation,1000000,FastSort,20.968584,1.212139
512,8,permutation,1000000,FastSort2,16.300041,0.942262
512,8,permutation,1000000,FastSort3,15.531583,0.897840
512,8,permutation,1000000,FastSort4,5.169958,0.298862
512,8,permutation,1000000,StdSort,17.298833,1.000000
512,8,permutation,1000000,StdStableSort,37.864750,2.188862
512,8,random,1000000,FastSort,20.625416,1.239961
512,8,random,1000000,FastSort2,16.361958,0.983650
512,8,random,1000000,FastSort3,15.517917,0.932908
512,8,random,1000000,FastSort4,4.793167,0.288156
512,8,random,1000000,StdSort,16.633917,1.000000
512,8,random,1000000,StdStableSort,36.468125,2.192396
512,8,sorted,1000000,FastSort,0.593667,0.722662
512,8,sorted,1000000,FastSort2,0.590333,0.718604
512,8,sorted,1000000,FastSort3,0.589667,0.717793
512,8,sorted,1000000,FastSort4,3.190834,3.884156
512,8,sorted,1000000,StdSort,0.821500,1.000000
512,8,sorted,1000000,StdStableSort,7.360583,8.959931
512,8,reversed,1000000,FastSort,0.767875,0.565064
512,8,reversed,1000000,FastSort2,0.764541,0.562611
512,8,reversed,1000000,FastSort3,0.756167,0.556448
512,8,reversed,1000000,FastSort4,3.701709,2.724014
512,8,reversed,1000000,StdSort,1.358917,1.000000
512,8,reversed,1000000,StdStableSort,18.546000,13.647633
512,8,nearly_sorted,1000000,FastSort,4.473208,1.314747
512,8,nearly_sorted,1000000,FastSort2,7.530209,2.213249
512,8,nearly_sorted,1000000,FastSort3,6.798250,1.998114
512,8,nearly_sorted,1000000,FastSort4,4.273833,1.256148
512,8,nearly_sorted,1000000,StdSort,3.402333,1.000000
512,8,nearly_sorted,1000000,StdStableSort,15.221875,4.473952
512,8,duplicates,1000000,FastSort,5.054792,0.971881
512,8,duplicates,1000000,FastSort2,3.479042,0.668913
512,8,duplicates,1000000,FastSort3,3.191709,0.613667
512,8,duplicates,1000000,FastSort4,5.075291,0.975822
512,8,duplicates,1000000,StdSort,5.201041,1.000000
512,8,duplicates,1000000,StdStableSort,29.322708,5.637854
512,8,equal,1000000,FastSort,0.619084,0.532985
512,8,equal,1000000,FastSort2,0.615250,0.529684
512,8,equal,1000000,FastSort3,0.617125,0.531299
512,8,equal,1000000,FastSort4,2.351542,2.024502
512,8,equal,1000000,StdSort,1.161541,1.000000
512,8,equal,1000000,StdStableSort,4.085625,3.517418
512,8,periodic,1000000,FastSort,4.844958,1.179061
512,8,periodic,1000000,FastSort2,3.503917,0.852707
512,8,periodic,1000000,FastSort3,3.223959,0.784577
512,8,periodic,1000000,FastSort4,5.151042,1.253549
512,8,periodic,1000000,StdSort,4.109167,1.000000
512,8,periodic,1000000,StdStableSort,25.089333,6.105698
512,8,organ_pipe,1000000,FastSort,14.673666,0.413280
512,8,organ_pipe,1000000,FastSort2,16.427875,0.462687
512,8,organ_pipe,1000000,FastSort3,15.600834,0.439394
512,8,organ_pipe,1000000,FastSort4,4.883000,0.137528
512,8,organ_pipe,1000000,StdSort,35.505375,1.000000
512,8,organ_pipe,1000000,StdStableSort,14.535500,0.409389
512,16,permutation,100000,FastSort,1.912709,1.251671
512,16,permutation,100000,FastSort2,1.500041,0.981622
512,16,permutation,100000,FastSort3,1.425000,0.932515
512,16,permutation,100000,FastSort4,1.083375,0.708957
512,16,permutation,100000,StdSort,1.528125,1.000000
512,16,permutation,100000,StdStableSort,3.392833,2.220259
512,16,random,100000,FastSort,1.762750,1.204819
512,16,random,100000,FastSort2,1.481541,1.012616
512,16,random,100000,FastSort3,1.430125,0.977474
512,16,random,100000,FastSort4,1.013208,0.692516
512,16,random,100000,StdSort,1.463083,1.000000
512,16,random,100000,StdStableSort,3.151875,2.154269
512,16,sorted,100000,FastSort,0.058459,0.735722
512,16,sorted,100000,FastSort2,0.058500,0.736238
512,16,sorted,100000,FastSort3,0.060917,0.766657
512,16,sorted,100000,FastSort4,0.789292,9.933449
512,16,sorted,100000,StdSort,0.079458,1.000000
512,16,sorted,100000,StdStableSort,0.625709,7.874714
512,16,reversed,100000,FastSort,0.073500,0.563581
512,16,reversed,100000,FastSort2,0.073500,0.563581
512,16,reversed,100000,FastSort3,0.073500,0.563581
512,16,reversed,100000,FastSort4,0.841167,6.449876
512,16,reversed,100000,StdSort,0.130416,1.000000
512,16,reversed,100000,StdStableSort,2.425667,18.599459
512,16,nearly_sorted,100000,FastSort,0.327459,1.235499
512,16,nearly_sorted,100000,FastSort2,0.321083,1.211442
512,16,nearly_sorted,100000,FastSort3,0.265125,1.000313
512,16,nearly_sorted,100000,FastSort4,0.808750,3.051403
512,16,nearly_sorted,100000,StdSort,0.265042,1.000000
512,16,nearly_sorted,100000,StdStableSort,1.275125,4.811030
512,16,duplicates,100000,FastSort,0.504792,1.183916
512,16,duplicates,100000,FastSort2,0.383791,0.900125
512,16,duplicates,100000,FastSort3,0.348750,0.817942
512,16,duplicates,100000,FastSort4,1.048292,2.458615
512,16,duplicates,100000,StdSort,0.426375,1.000000
512,16,duplicates,100000,StdStableSort,2.880875,6.756670
512,16,equal,100000,FastSort,0.060666,0.553815
512,16,equal,100000,FastSort2,0.060500,0.552300
512,16,equal,100000,FastSort3,0.058292,0.532143
512,16,equal,100000,FastSort4,0.722750,6.597926
512,16,equal,100000,StdSort,0.109542,1.000000
512,16,equal,100000,StdStableSort,0.286083,2.611628
512,16,periodic,100000,FastSort,0.510750,1.161675
512,16,periodic,100000,FastSort2,0.416000,0.946171
512,16,periodic,100000,FastSort3,0.392208,0.892057
512,16,periodic,100000,FastSort4,1.072834,2.440106
512,16,periodic,100000,StdSort,0.439667,1.000000
512,16,periodic,100000,StdStableSort,2.623916,5.967962
512,16,organ_pipe,100000,FastSort,1.301375,0.472504
512,16,organ_pipe,100000,FastSort2,1.547583,0.561897
512,16,organ_pipe,100000,FastSort3,1.530417,0.555665
512,16,organ_pipe,100000,FastSort4,1.088916,0.395364
512,16,organ_pipe,100000,StdSort,2.754209,1.000000
512,16,organ_pipe,100000,StdStableSort,1.657375,0.601761
512,16,permutation,1000000,FastSort,20.904375,1.222231
512,16,permutation,1000000,FastSort2,16.415875,0.959799
512,16,permutation,1000000,FastSort3,15.532458,0.908147
512,16,permutation,1000000,FastSort4,6.896125,0.403201
512,16,permutation,1000000,StdSort,17.103458,1.000000
512,16,permutation,1000000,StdStableSort,36.465500,2.132054
512,16,random,1000000,FastSort,20.737166,1.204010
512,16,random,1000000,FastSort2,16.283041,0.945401
512,16,random,1000000,FastSort3,15.434000,0.896106
512,16,random,1000000,FastSort4,5.638709,0.327386
512,16,random,1000000,StdSort,17.223416,1.000000
512,16,random,1000000,StdStableSort,38.800250,2.252762
512,16,sorted,1000000,FastSort,0.599750,0.742188
512,16,sorted,1000000,FastSort2,0.596083,0.737650
512,16,sorted,1000000,FastSort3,0.597875,0.739867
512,16,sorted,1000000,FastSort4,3.189833,3.947403
512,16,sorted,1000000,StdSort,0.808084,1.000000
512,16,sorted,1000000,StdStableSort,7.011833,8.677109
512,16,reversed,1000000,FastSort,0.759416,0.556332
512,16,reversed,1000000,FastSort2,0.754166,0.552486
512,16,reversed,1000000,FastSort3,0.751750,0.550716
512,16,reversed,1000000,FastSort4,4.025916,2.949298
512,16,reversed,1000000,StdSort,1.365042,1.000000
512,16,reversed,1000000,StdStableSort,18.502041,13.554192
512,16,nearly_sorted,1000000,FastSort,4.468666,1.291460
512,16,nearly_sorted,1000000,FastSort2,7.574541,2.189068
512,16,nearly_sorted,1000000,FastSort3,6.830625,1.974074
512,16,nearly_sorted,1000000,FastSort4,6.075083,1.755720
512,16,nearly_sorted,1000000,StdSort,3.460167,1.000000
512,16,nearly_sorted,1000000,StdStableSort,15.767416,4.556837
512,16,duplicates,1000000,FastSort,5.118417,0.988668
512,16,duplicates,1000000,FastSort2,3.466416,0.669569
512,16,duplicates,1000000,FastSort3,3.205583,0.619187
512,16,duplicates,1000000,FastSort4,4.083750,0.788813
512,16,duplicates,1000000,StdSort,5.177083,1.000000
512,16,duplicates,1000000,StdStableSort,28.464583,5.498189
512,16,equal,1000000,FastSort,0.621250,0.537588
512,16,equal,1000000,FastSort2,0.615333,0.532468
512,16,equal,1000000,FastSort3,0.614042,0.531351
512,16,equal,1000000,FastSort4,3.923792,3.395385
512,16,equal,1000000,StdSort,1.155625,1.000000
512,16,equal,1000000,StdStableSort,4.072834,3.524356
512,16,periodic,1000000,FastSort,4.822791,1.188587
512,16,periodic,1000000,FastSort2,3.548041,0.874422
512,16,periodic,1000000,FastSort3,3.233583,0.796923
512,16,periodic,1000000,FastSort4,7.554791,1.861894
512,16,periodic,1000000,StdSort,4.057583,1.000000
512,16,periodic,1000000,StdStableSort,24.823917,6.117907
512,16,organ_pipe,1000000,FastSort,14.698709,0.415359
512,16,organ_pipe,1000000,FastSort2,16.387416,0.463079
512,16,organ_pipe,1000000,FastSort3,15.570875,0.440005
512,16,organ_pipe,1000000,FastSort4,5.968458,0.168658
512,16,organ_pipe,1000000,StdSort,35.387959,1.000000
512,16,organ_pipe,1000000,StdStableSort,14.572167,0.411783
