# macOS 26.6.2, Apple ARM64, Apple Clang 21.0.0, libc++, C++14, Release -O3 -Wall, FastSort2 insertion=24 block=64
# seed=20261004, warmups=1, repetitions=5, clock=steady_clock, includes Run copy
distribution,size,algorithm,median_ms,ratio_to_std
permutation,1000,FastSort,0.019292,1.169212
permutation,1000,FastSort2,0.020666,1.252485
permutation,1000,StdSort,0.016500,1.000000
permutation,1000,StdStableSort,0.042458,2.573212
random,1000,FastSort,0.015584,1.126581
random,1000,FastSort2,0.018625,1.346418
random,1000,StdSort,0.013833,1.000000
random,1000,StdStableSort,0.036917,2.668763
sorted,1000,FastSort,0.001458,0.648000
sorted,1000,FastSort2,0.001458,0.648000
sorted,1000,StdSort,0.002250,1.000000
sorted,1000,StdStableSort,0.007375,3.277778
reversed,1000,FastSort,0.001834,0.500136
reversed,1000,FastSort2,0.001833,0.499864
reversed,1000,StdSort,0.003667,1.000000
reversed,1000,StdStableSort,0.036375,9.919553
nearly_sorted,1000,FastSort,0.003625,1.160000
nearly_sorted,1000,FastSort2,0.014709,4.706880
nearly_sorted,1000,StdSort,0.003125,1.000000
nearly_sorted,1000,StdStableSort,0.010375,3.320000
duplicates,1000,FastSort,0.007583,1.174203
duplicates,1000,FastSort2,0.010083,1.561319
duplicates,1000,StdSort,0.006458,1.000000
duplicates,1000,StdStableSort,0.035416,5.484051
equal,1000,FastSort,0.001500,0.521739
equal,1000,FastSort2,0.001500,0.521739
equal,1000,StdSort,0.002875,1.000000
equal,1000,StdStableSort,0.003417,1.188522
periodic,1000,FastSort,0.009417,0.961703
periodic,1000,FastSort2,0.012333,1.259498
periodic,1000,StdSort,0.009792,1.000000
periodic,1000,StdStableSort,0.028833,2.944547
organ_pipe,1000,FastSort,0.018667,0.724932
organ_pipe,1000,FastSort2,0.032000,1.242718
organ_pipe,1000,StdSort,0.025750,1.000000
organ_pipe,1000,StdStableSort,0.025916,1.006447
permutation,10000,FastSort,0.243958,1.156654
permutation,10000,FastSort2,0.232750,1.103515
permutation,10000,StdSort,0.210917,1.000000
permutation,10000,StdStableSort,0.456000,2.161988
random,10000,FastSort,0.228083,1.237060
random,10000,FastSort2,0.189792,1.029380
random,10000,StdSort,0.184375,1.000000
random,10000,StdStableSort,0.407208,2.208586
sorted,10000,FastSort,0.009458,0.700593
sorted,10000,FastSort2,0.009417,0.697556
sorted,10000,StdSort,0.013500,1.000000
sorted,10000,StdStableSort,0.105875,7.842593
reversed,10000,FastSort,0.011833,0.534825
reversed,10000,FastSort2,0.011708,0.529175
reversed,10000,StdSort,0.022125,1.000000
reversed,10000,StdStableSort,0.175084,7.913401
nearly_sorted,10000,FastSort,0.034667,1.136623
nearly_sorted,10000,FastSort2,0.101625,3.331967
nearly_sorted,10000,StdSort,0.030500,1.000000
nearly_sorted,10000,StdStableSort,0.157333,5.158459
duplicates,10000,FastSort,0.046958,1.032044
duplicates,10000,FastSort2,0.050834,1.117231
duplicates,10000,StdSort,0.045500,1.000000
duplicates,10000,StdStableSort,0.304000,6.681319
equal,10000,FastSort,0.009042,0.528000
equal,10000,FastSort2,0.009041,0.527942
equal,10000,StdSort,0.017125,1.000000
equal,10000,StdStableSort,0.036334,2.121693
periodic,10000,FastSort,0.063750,1.238850
periodic,10000,FastSort2,0.053291,1.035601
periodic,10000,StdSort,0.051459,1.000000
periodic,10000,StdStableSort,0.269125,5.229892
organ_pipe,10000,FastSort,0.123833,0.473701
organ_pipe,10000,FastSort2,0.171292,0.655247
organ_pipe,10000,StdSort,0.261416,1.000000
organ_pipe,10000,StdStableSort,0.147750,0.565191
permutation,100000,FastSort,1.959625,1.238407
permutation,100000,FastSort2,1.545833,0.976907
permutation,100000,StdSort,1.582375,1.000000
permutation,100000,StdStableSort,3.387708,2.140901
random,100000,FastSort,1.735250,1.143901
random,100000,FastSort2,1.461417,0.963387
random,100000,StdSort,1.516958,1.000000
random,100000,StdStableSort,3.130458,2.063642
sorted,100000,FastSort,0.054542,0.641988
sorted,100000,FastSort2,0.054584,0.642482
sorted,100000,StdSort,0.084958,1.000000
sorted,100000,StdStableSort,0.720375,8.479190
reversed,100000,FastSort,0.069125,0.501360
reversed,100000,FastSort2,0.073416,0.532482
reversed,100000,StdSort,0.137875,1.000000
reversed,100000,StdStableSort,2.445459,17.736783
nearly_sorted,100000,FastSort,0.323792,1.175463
nearly_sorted,100000,FastSort2,0.338583,1.229159
nearly_sorted,100000,StdSort,0.275459,1.000000
nearly_sorted,100000,StdStableSort,1.290708,4.685663
duplicates,100000,FastSort,0.468209,1.194667
duplicates,100000,FastSort2,0.364125,0.929089
duplicates,100000,StdSort,0.391916,1.000000
duplicates,100000,StdStableSort,2.769000,7.065290
equal,100000,FastSort,0.060583,0.516699
equal,100000,FastSort2,0.060667,0.517416
equal,100000,StdSort,0.117250,1.000000
equal,100000,StdStableSort,0.302041,2.576043
periodic,100000,FastSort,0.492375,1.187759
periodic,100000,FastSort2,0.413584,0.997691
periodic,100000,StdSort,0.414541,1.000000
periodic,100000,StdStableSort,2.495791,6.020613
organ_pipe,100000,FastSort,1.297291,0.470331
organ_pipe,100000,FastSort2,1.521167,0.551497
organ_pipe,100000,StdSort,2.758250,1.000000
organ_pipe,100000,StdStableSort,1.718958,0.623206
permutation,1000000,FastSort,19.670208,1.181116
permutation,1000000,FastSort2,15.775041,0.947227
permutation,1000000,StdSort,16.653917,1.000000
permutation,1000000,StdStableSort,36.094875,2.167350
random,1000000,FastSort,19.989416,1.230459
random,1000000,FastSort2,15.287125,0.941007
random,1000000,StdSort,16.245500,1.000000
random,1000000,StdStableSort,36.073166,2.220502
sorted,1000000,FastSort,0.610959,0.714467
sorted,1000000,FastSort2,0.589250,0.689081
sorted,1000000,StdSort,0.855125,1.000000
sorted,1000000,StdStableSort,8.359584,9.775862
reversed,1000000,FastSort,0.757584,0.568988
reversed,1000000,FastSort2,0.754458,0.566640
reversed,1000000,StdSort,1.331458,1.000000
reversed,1000000,StdStableSort,17.255667,12.959978
nearly_sorted,1000000,FastSort,4.472750,1.315128
nearly_sorted,1000000,FastSort2,7.388417,2.172425
nearly_sorted,1000000,StdSort,3.401000,1.000000
nearly_sorted,1000000,StdStableSort,15.904042,4.676284
duplicates,1000000,FastSort,4.945333,0.977862
duplicates,1000000,FastSort2,3.355875,0.663572
duplicates,1000000,StdSort,5.057292,1.000000
duplicates,1000000,StdStableSort,27.530375,5.443699
equal,1000000,FastSort,0.614708,0.530721
equal,1000000,FastSort2,0.623041,0.537916
equal,1000000,StdSort,1.158250,1.000000
equal,1000000,StdStableSort,4.084834,3.526729
periodic,1000000,FastSort,4.748500,1.170639
periodic,1000000,FastSort2,3.302750,0.814221
periodic,1000000,StdSort,4.056333,1.000000
periodic,1000000,StdStableSort,24.280416,5.985804
organ_pipe,1000000,FastSort,14.663625,0.416674
organ_pipe,1000000,FastSort2,16.125667,0.458219
organ_pipe,1000000,StdSort,35.192083,1.000000
organ_pipe,1000000,StdStableSort,14.727500,0.418489
permutation,10000000,FastSort,220.031375,1.239004
permutation,10000000,FastSort2,168.061750,0.946361
permutation,10000000,StdSort,177.587292,1.000000
permutation,10000000,StdStableSort,412.609917,2.323420
random,10000000,FastSort,222.132208,1.246229
random,10000000,FastSort2,172.786792,0.969386
random,10000000,StdSort,178.243541,1.000000
random,10000000,StdStableSort,412.641916,2.315046
sorted,10000000,FastSort,6.094791,0.734098
sorted,10000000,FastSort2,6.047833,0.728443
sorted,10000000,StdSort,8.302416,1.000000
sorted,10000000,StdStableSort,99.969000,12.040953
reversed,10000000,FastSort,7.699167,0.566763
reversed,10000000,FastSort2,7.695708,0.566508
reversed,10000000,StdSort,13.584458,1.000000
reversed,10000000,StdStableSort,141.830000,10.440608
nearly_sorted,10000000,FastSort,55.074417,1.277130
nearly_sorted,10000000,FastSort2,78.337000,1.816570
nearly_sorted,10000000,StdSort,43.123584,1.000000
nearly_sorted,10000000,StdStableSort,191.071958,4.430800
duplicates,10000000,FastSort,45.800584,0.939675
duplicates,10000000,FastSort2,30.722833,0.630330
duplicates,10000000,StdSort,48.740875,1.000000
duplicates,10000000,StdStableSort,287.266792,5.893755
equal,10000000,FastSort,6.346333,0.558069
equal,10000000,FastSort2,6.370584,0.560201
equal,10000000,StdSort,11.371958,1.000000
equal,10000000,StdStableSort,52.342416,4.602762
periodic,10000000,FastSort,45.769208,1.196295
periodic,10000000,FastSort2,35.286000,0.922290
periodic,10000000,StdSort,38.259125,1.000000
periodic,10000000,StdStableSort,249.059750,6.509813
organ_pipe,10000000,FastSort,156.362541,0.356127
organ_pipe,10000000,FastSort2,165.049417,0.375912
organ_pipe,10000000,StdSort,439.064375,1.000000
organ_pipe,10000000,StdStableSort,143.234917,0.326228
