seed,repeat,distribution,size,fast4_ms,fast3_ms,ratio_to_fast3
20261004,1,permutation,1000,0.007250,0.007125,1.0175438596491229
20261004,1,random,1000,0.007667,0.007625,1.0055081967213115
20261004,1,permutation,10000,0.088834,0.089667,0.9907100717097705
20261004,1,random,10000,0.085791,0.089792,0.9554414647184606
20261004,1,permutation,100000,0.857209,1.432917,0.5982265546434301
20261004,1,random,100000,0.940042,1.425666,0.6593704275756033
20261004,1,permutation,1000000,3.223292,15.510583,0.2078124336138751
20261004,1,random,1000000,4.740083,15.503000,0.3057526285235116
20261004,1,permutation,10000000,25.610709,167.247125,0.1531309372283679
20261004,1,random,10000000,26.172083,168.497041,0.15532666238334714
20261004,2,permutation,1000,0.006458,0.006583,0.9810116967947744
20261004,2,random,1000,0.006833,0.006792,1.0060365135453473
20261004,2,permutation,10000,0.088542,0.090709,0.97611041903229
20261004,2,random,10000,0.083958,0.082542,1.0171549029584939
20261004,2,permutation,100000,0.813959,1.323375,0.6150630017946538
20261004,2,random,100000,1.040500,1.344916,0.7736542653965006
20261004,2,permutation,1000000,3.894125,14.600917,0.2667041391989284
20261004,2,random,1000000,3.603834,14.509500,0.24837754574589063
20261004,2,permutation,10000000,25.623833,158.991333,0.16116496740108469
20261004,2,random,10000000,26.942875,159.802709,0.1686008652081111
314159,1,permutation,1000,0.007042,0.007042,1.0
314159,1,random,1000,0.007708,0.008292,0.9295706705258079
314159,1,permutation,10000,0.086917,0.090458,0.9608547613256981
314159,1,random,10000,0.090041,0.094959,0.9482092271401341
314159,1,permutation,100000,0.834000,1.357958,0.614157433440504
314159,1,random,100000,0.950625,1.338000,0.710482062780269
314159,1,permutation,1000000,4.480708,14.852333,0.30168378260842926
314159,1,random,1000000,4.610167,15.139209,0.3045183536339316
314159,1,permutation,10000000,26.407666,159.766167,0.16528947583752196
314159,1,random,10000000,25.582375,159.856750,0.16003312340579925
314159,2,permutation,1000,0.006833,0.006833,1.0
314159,2,random,1000,0.006542,0.006708,0.9752534287418008
314159,2,permutation,10000,0.081000,0.082042,0.9872991882206674
314159,2,random,10000,0.081625,0.085250,0.9574780058651026
314159,2,permutation,100000,0.956083,1.335667,0.7158094045896171
314159,2,random,100000,0.923208,1.329000,0.6946636568848759
314159,2,permutation,1000000,4.818750,14.736583,0.32699235636918
314159,2,random,1000000,4.605667,14.996417,0.307117826878247
314159,2,permutation,10000000,27.661875,159.739500,0.17316865897289024
314159,2,random,10000000,25.973417,162.048542,0.16028170744047793
