# seed=20261004, warmups=1, repetitions=5, clock=steady_clock, includes Run copy
# FastSort3 backend=NEON
distribution,size,algorithm,median_ms,ratio_to_std
permutation,1000,FastSort,0.006708,1.201289
permutation,1000,FastSort2,0.007125,1.275967
permutation,1000,FastSort3,0.006792,1.216332
permutation,1000,StdSort,0.005584,1.000000
permutation,1000,StdStableSort,0.014708,2.633954
random,1000,FastSort,0.006250,1.144898
random,1000,FastSort2,0.007500,1.373878
random,1000,FastSort3,0.007083,1.297490
random,1000,StdSort,0.005459,1.000000
random,1000,StdStableSort,0.014625,2.679062
sorted,1000,FastSort,0.000583,0.666286
sorted,1000,FastSort2,0.000583,0.666286
sorted,1000,FastSort3,0.000583,0.666286
sorted,1000,StdSort,0.000875,1.000000
sorted,1000,StdStableSort,0.003375,3.857143
reversed,1000,FastSort,0.000709,0.500353
reversed,1000,FastSort2,0.000709,0.500353
reversed,1000,FastSort3,0.000708,0.499647
reversed,1000,StdSort,0.001417,1.000000
reversed,1000,StdStableSort,0.013917,9.821454
nearly_sorted,1000,FastSort,0.001458,1.166400
nearly_sorted,1000,FastSort2,0.005708,4.566400
nearly_sorted,1000,FastSort3,0.005625,4.500000
nearly_sorted,1000,StdSort,0.001250,1.000000
nearly_sorted,1000,StdStableSort,0.003500,2.800000
duplicates,1000,FastSort,0.003167,1.226094
duplicates,1000,FastSort2,0.004041,1.564460
duplicates,1000,FastSort3,0.003833,1.483933
duplicates,1000,StdSort,0.002583,1.000000
duplicates,1000,StdStableSort,0.014208,5.500581
equal,1000,FastSort,0.000583,0.518222
equal,1000,FastSort2,0.000584,0.519111
equal,1000,FastSort3,0.000583,0.518222
equal,1000,StdSort,0.001125,1.000000
equal,1000,StdStableSort,0.001375,1.222222
periodic,1000,FastSort,0.003667,0.946323
periodic,1000,FastSort2,0.004917,1.268903
periodic,1000,FastSort3,0.004542,1.172129
periodic,1000,StdSort,0.003875,1.000000
periodic,1000,StdStableSort,0.011500,2.967742
organ_pipe,1000,FastSort,0.008458,0.754640
organ_pipe,1000,FastSort2,0.013833,1.234208
organ_pipe,1000,FastSort3,0.013625,1.215650
organ_pipe,1000,StdSort,0.011208,1.000000
organ_pipe,1000,StdStableSort,0.011250,1.003747
permutation,10000,FastSort,0.135417,1.374792
permutation,10000,FastSort2,0.116500,1.182741
permutation,10000,FastSort3,0.112583,1.142975
permutation,10000,StdSort,0.098500,1.000000
permutation,10000,StdStableSort,0.236917,2.405249
random,10000,FastSort,0.156125,1.258220
random,10000,FastSort2,0.130791,1.054052
random,10000,FastSort3,0.123666,0.996631
random,10000,StdSort,0.124084,1.000000
random,10000,StdStableSort,0.241208,1.943909
sorted,10000,FastSort,0.006166,0.711434
sorted,10000,FastSort2,0.006042,0.697127
sorted,10000,FastSort3,0.006041,0.697012
sorted,10000,StdSort,0.008667,1.000000
sorted,10000,StdStableSort,0.066917,7.720895
reversed,10000,FastSort,0.007625,0.536669
reversed,10000,FastSort2,0.007417,0.522030
reversed,10000,FastSort3,0.007416,0.521959
reversed,10000,StdSort,0.014208,1.000000
reversed,10000,StdStableSort,0.115916,8.158502
nearly_sorted,10000,FastSort,0.022375,1.145028
nearly_sorted,10000,FastSort2,0.063708,3.260222
nearly_sorted,10000,FastSort3,0.059042,3.021442
nearly_sorted,10000,StdSort,0.019541,1.000000
nearly_sorted,10000,StdStableSort,0.104875,5.366921
duplicates,10000,FastSort,0.034417,1.064421
duplicates,10000,FastSort2,0.037000,1.144306
duplicates,10000,FastSort3,0.032834,1.015464
duplicates,10000,StdSort,0.032334,1.000000
duplicates,10000,StdStableSort,0.223042,6.898064
equal,10000,FastSort,0.006500,0.537901
equal,10000,FastSort2,0.006375,0.527557
equal,10000,FastSort3,0.006416,0.530950
equal,10000,StdSort,0.012084,1.000000
equal,10000,StdStableSort,0.025875,2.141261
periodic,10000,FastSort,0.045084,1.278979
periodic,10000,FastSort2,0.036042,1.022468
periodic,10000,FastSort3,0.035208,0.998809
periodic,10000,StdSort,0.035250,1.000000
periodic,10000,StdStableSort,0.198250,5.624113
organ_pipe,10000,FastSort,0.098167,0.502560
organ_pipe,10000,FastSort2,0.130250,0.666807
organ_pipe,10000,FastSort3,0.129125,0.661047
organ_pipe,10000,StdSort,0.195334,1.000000
organ_pipe,10000,StdStableSort,0.106458,0.545005
permutation,100000,FastSort,1.882833,1.201393
permutation,100000,FastSort2,1.494084,0.953341
permutation,100000,FastSort3,1.409791,0.899556
permutation,100000,StdSort,1.567208,1.000000
permutation,100000,StdStableSort,3.355209,2.140883
random,100000,FastSort,1.737250,1.140021
random,100000,FastSort2,1.446375,0.949143
random,100000,FastSort3,1.324833,0.869384
random,100000,StdSort,1.523875,1.000000
random,100000,StdStableSort,3.159708,2.073469
sorted,100000,FastSort,0.054542,0.688227
sorted,100000,FastSort2,0.054500,0.687697
sorted,100000,FastSort3,0.054500,0.687697
sorted,100000,StdSort,0.079250,1.000000
sorted,100000,StdStableSort,0.701833,8.855937
reversed,100000,FastSort,0.073584,0.535967
reversed,100000,FastSort2,0.073500,0.535355
reversed,100000,FastSort3,0.073500,0.535355
reversed,100000,StdSort,0.137292,1.000000
reversed,100000,StdStableSort,2.443583,17.798437
nearly_sorted,100000,FastSort,0.323542,1.165040
nearly_sorted,100000,FastSort2,0.336916,1.213198
nearly_sorted,100000,FastSort3,0.263500,0.948835
nearly_sorted,100000,StdSort,0.277709,1.000000
nearly_sorted,100000,StdStableSort,1.348125,4.854452
duplicates,100000,FastSort,0.498125,1.190263
duplicates,100000,FastSort2,0.369916,0.883909
duplicates,100000,FastSort3,0.349917,0.836122
duplicates,100000,StdSort,0.418500,1.000000
duplicates,100000,StdStableSort,2.955292,7.061630
equal,100000,FastSort,0.061875,0.527719
equal,100000,FastSort2,0.061708,0.526294
equal,100000,FastSort3,0.060708,0.517765
equal,100000,StdSort,0.117250,1.000000
equal,100000,StdStableSort,0.308708,2.632904
periodic,100000,FastSort,0.499042,1.135908
periodic,100000,FastSort2,0.421917,0.960358
periodic,100000,FastSort3,0.388834,0.885055
periodic,100000,StdSort,0.439333,1.000000
periodic,100000,StdStableSort,2.632667,5.992418
organ_pipe,100000,FastSort,1.302667,0.454227
organ_pipe,100000,FastSort2,1.581417,0.551425
organ_pipe,100000,FastSort3,1.519875,0.529966
organ_pipe,100000,StdSort,2.867875,1.000000
organ_pipe,100000,StdStableSort,1.738083,0.606053
permutation,1000000,FastSort,20.993875,1.235336
permutation,1000000,FastSort2,16.368875,0.963189
permutation,1000000,FastSort3,15.262750,0.898102
permutation,1000000,StdSort,16.994459,1.000000
permutation,1000000,StdStableSort,37.695375,2.218098
random,1000000,FastSort,20.600917,1.225984
random,1000000,FastSort2,16.222708,0.965431
random,1000000,FastSort3,15.126292,0.900183
random,1000000,StdSort,16.803583,1.000000
random,1000000,StdStableSort,38.300167,2.279286
sorted,1000000,FastSort,0.600042,0.707076
sorted,1000000,FastSort2,0.594292,0.700300
sorted,1000000,FastSort3,0.593542,0.699416
sorted,1000000,StdSort,0.848625,1.000000
sorted,1000000,StdStableSort,8.322625,9.807188
reversed,1000000,FastSort,0.759500,0.552330
reversed,1000000,FastSort2,0.759916,0.552632
reversed,1000000,FastSort3,0.752042,0.546906
reversed,1000000,StdSort,1.375084,1.000000
reversed,1000000,StdStableSort,17.768417,12.921696
nearly_sorted,1000000,FastSort,4.469125,1.236629
nearly_sorted,1000000,FastSort2,7.500209,2.075345
nearly_sorted,1000000,FastSort3,6.608375,1.828570
nearly_sorted,1000000,StdSort,3.613958,1.000000
nearly_sorted,1000000,StdStableSort,16.039125,4.438105
duplicates,1000000,FastSort,5.044083,0.942291
duplicates,1000000,FastSort2,3.466542,0.647589
duplicates,1000000,FastSort3,3.199125,0.597632
duplicates,1000000,StdSort,5.353000,1.000000
duplicates,1000000,StdStableSort,29.411375,5.494372
equal,1000000,FastSort,0.620333,0.530350
equal,1000000,FastSort2,0.608458,0.520198
equal,1000000,FastSort3,0.610250,0.521730
equal,1000000,StdSort,1.169667,1.000000
equal,1000000,StdStableSort,4.153167,3.550726
periodic,1000000,FastSort,4.796458,1.110613
periodic,1000000,FastSort2,3.556291,0.823454
periodic,1000000,FastSort3,3.229833,0.747863
periodic,1000000,StdSort,4.318750,1.000000
periodic,1000000,StdStableSort,24.473708,5.666850
organ_pipe,1000000,FastSort,14.714416,0.410693
organ_pipe,1000000,FastSort2,16.330333,0.455794
organ_pipe,1000000,FastSort3,15.465000,0.431642
organ_pipe,1000000,StdSort,35.828292,1.000000
organ_pipe,1000000,StdStableSort,14.806833,0.413272
permutation,10000000,FastSort,232.759875,1.211362
permutation,10000000,FastSort2,180.308541,0.938388
permutation,10000000,FastSort3,167.608208,0.872291
permutation,10000000,StdSort,192.147208,1.000000
permutation,10000000,StdStableSort,445.694792,2.319549
random,10000000,FastSort,228.626041,1.229645
random,10000000,FastSort2,177.509708,0.954720
random,10000000,FastSort3,164.927334,0.887047
random,10000000,StdSort,185.928541,1.000000
random,10000000,StdStableSort,423.134584,2.275791
sorted,10000000,FastSort,6.102833,0.710292
sorted,10000000,FastSort2,6.140833,0.714715
sorted,10000000,FastSort3,6.176833,0.718905
sorted,10000000,StdSort,8.592000,1.000000
sorted,10000000,StdStableSort,100.273791,11.670600
reversed,10000000,FastSort,7.866292,0.565620
reversed,10000000,FastSort2,7.789958,0.560131
reversed,10000000,FastSort3,7.800834,0.560913
reversed,10000000,StdSort,13.907375,1.000000
reversed,10000000,StdStableSort,148.378334,10.669040
nearly_sorted,10000000,FastSort,56.089041,1.309104
nearly_sorted,10000000,FastSort2,77.589250,1.810913
nearly_sorted,10000000,FastSort3,65.081500,1.518985
nearly_sorted,10000000,StdSort,42.845375,1.000000
nearly_sorted,10000000,StdStableSort,190.321125,4.442046
duplicates,10000000,FastSort,46.767959,0.924299
duplicates,10000000,FastSort2,31.669625,0.625903
duplicates,10000000,FastSort3,29.080250,0.574728
duplicates,10000000,StdSort,50.598292,1.000000
duplicates,10000000,StdStableSort,288.060625,5.693090
equal,10000000,FastSort,6.393625,0.539799
equal,10000000,FastSort2,6.353625,0.536422
equal,10000000,FastSort3,6.399417,0.540288
equal,10000000,StdSort,11.844458,1.000000
equal,10000000,StdStableSort,52.666375,4.446499
periodic,10000000,FastSort,46.621584,1.182856
periodic,10000000,FastSort2,35.330667,0.896389
periodic,10000000,FastSort3,32.625083,0.827745
periodic,10000000,StdSort,39.414417,1.000000
periodic,10000000,StdStableSort,250.509167,6.355775
organ_pipe,10000000,FastSort,161.248333,0.357919
organ_pipe,10000000,FastSort2,172.346833,0.382554
organ_pipe,10000000,FastSort3,162.245083,0.360131
organ_pipe,10000000,StdSort,450.516792,1.000000
organ_pipe,10000000,StdStableSort,144.527125,0.320803
